행정시,업소명,소재지(도로명),읍면동,전화번호,업태,데이터기준일자
제주시,푸른밤의해안속초식당,제주특별자치도 제주시 노형로 40,해안동,064-753-3919,한식,2022-02-21
제주시,명가천지연무태장어,제주특별자치도 제주시 아연로 438-22,오등동,064-747-8300,한식,2022-02-21
제주시,큰맘할매순대국제주곽지점,제주특별자치도 제주시 애월읍 곽지1길 3,애월읍,064-799-6577,한식,2022-02-21
제주시,화순식당,제주특별자치도 제주시 광성로 269,애월읍,064-747-7873,한식,2022-02-21
제주시,제주반딧불한담애월점,제주특별자치도 제주시 애월로 1길 24,애월읍,064-799-0781,한식,2022-02-21
제주시,남또리자연산활어회,제주특별자치도 제주시 애월해안로 384,애월읍,064-799-1711,일식,2022-02-21
제주시,제주광해애월점,제주특별자치도 제주시 애월해안로 867,애월읍,064-713-4789,한식,2022-02-21
제주시,장촌한우마을,제주특별자치도 제주시 애월읍 천덕로 440-4,애월읍,064-799-7889,한식,2022-02-21
제주시,하귀바글바글가든,제주특별자치도 제주시 하귀5길 6,애월읍,064-713-2555,한식,2022-02-21
제주시,돈황제,제주특별자치도 제주시 하귀동남1길 32-1,애월읍,064-711-6992,한식,2022-02-21
제주시,문동일셰프녹차고을,제주특별자치도 제주시 해귀동남 4길 13-1,애월읍,064-712-1780,한식,2022-02-21
제주시,하귀청마루,제주특별자치도 제주시 애월읍 항몽로 71-1,애월읍,064-711-9233,한식,2022-02-21
제주시,하늘채,제주특별자치도 제주시 오등14길 4,오등동,064-749-1068,한식,2022-02-21
제주시,고기왕,제주특별자치도 제주시 일주서로 7329-3,외도동,064-711-8577,한식,2022-02-21
제주시,다원우,제주특별자치도 제주시 우령6길 75-1,외도동,064-712-4710,한식,2022-02-21
제주시,조마루뼈다귀외도점,제주특별자치도 제주시 우정로11길3,외도동,064-742-5885,한식,2022-02-21
제주시,삼춘이야기,제주특별자치도 제주시 우정로12길 1,외도동,064-711-9233,일식,2022-02-21
제주시,도남오거리외도점,제주특별자치도 제주시 우정로7길 26-3,외도동,064-743-9255,한식,2022-02-21
제주시,대연정,제주특별자치도 제주시 우정로8길 8,외도동,064-747-3931,한식,2022-02-21
제주시,도치돌가든,제주특별자치도 제주시 애월읍 천덕로 440-1,애월읍,064-799-1415,한식,2022-02-21
제주시,광평도새기촌본점,제주특별자치도 제주시 애월읍 구엄동3길 64,애월읍,064-752-3308,한식,2022-02-21
제주시,영복갈비,제주특별자치도 제주시 우정로5길 5,외도동,064-711-5794,한식,2022-02-21
제주시,육장갈비하귀점,제주특별자치도 제주시 애월읍 하광로 19,애월읍,064-712-7682,한식,2022-02-21
제주시,㈜풍원정인국수,제주특별자치도 제주시 애월읍 유수암평화길 242,애월읍,064-799-8338,한식,2022-02-21
제주시,해미가,제주특별자치도 제주시 애월읍 애월해안로866,애월읍,064-713-6166,한식,2022-02-21
제주시,화남가든,제주특별자치도 제주시 노형로 44,해안동,064-746-8152,한식,2022-02-21
제주시,제주소드래,제주특별자치도 제주시 가령로 1,이도동,064-726-0083,한식,2022-02-21
제주시,본가제주아라점,제주특별자치도 제주시 간월동로 6,아라동,064-727-9006,한식,2022-02-21
제주시,스시앤,제주특별자치도 제주시 고산동산5길 21-1,이도동,064-726-9696,일식,2022-02-21
제주시,시청그때그집,제주특별자치도 제주시 동광로1길 11,이도동,064-721-0880,한식,2022-02-21
제주시,파라다이스회관,제주특별자치도 제주시 삼성로 9,이도동,064-725-2011,한식,2022-02-21
제주시,육장갈비제주본점,제주특별자치도 제주시 승천로 2,이도동,064-752-0153,한식,2022-02-21
제주시,돈풍년,제주특별자치도 제주시 승천로 52,아라동,064-713-5252,한식,2022-02-21
제주시,징기스이도점,제주특별자치도 제주시 승천로 68,아라동,064-722-6155,양식,2022-02-21
제주시,꽃마름제주이도점,제주특별자치도 제주시 승천로 73,아라동,064-725-4933,한식,2022-02-21
제주시,육갑봉,제주특별자치도 제주시 신설로11길 2-9,아라동,064-726-4111,한식,2022-02-21
제주시,주식회사도다모,제주특별자치도 제주시 신설로11길 5,아라동,064-752-5525,양식,2022-02-21
제주시,아일랜드본섬,제주특별자치도 제주시 신설로6길 1-1,이도동,064-755-1138,일식,2022-02-21
제주시,흑소랑,제주특별자치도 제주시 연북로 631,아라동,064-726-9966,한식,2022-02-21
제주시,해원앙,제주특별자치도 제주시 연삼로 457-1,이도동,064-758-3670,일식,2022-02-21
제주시,천지연무태장어,제주특별자치도 제주시 연삼로 461,이도동,064-727-0592,한식,2022-02-21
제주시,만호,제주특별자치도 제주시 연삼로 497,이도동,064-757-9895,한식,2022-02-21
제주시,혼참치,제주특별자치도 제주시 오복4길 3,이도동,064-722-4764,일식,2022-02-21
제주시,제주축산농협한우플라자,제주특별자치도 제주시 중앙로 415,아라동,064-726-5672,한식,2022-02-21
제주시,대광,제주특별자치도 제주시 중앙로23길 9,이도동,064-758-7768,한식,2022-02-21
제주시,홍소반,제주특별자치도 제주시 천수로6길 36,이도동,064-723-5567,한식,2022-02-21
제주시,제주통큰장어,제주특별자치도 제주시 청귤로3길 50,이도동,064-759-0009,한식,2022-02-21
제주시,해모둠,제주특별자치도 제주시 청귤로3길 53,이도동,064-758-6400,일식,2022-02-21
제주시,김용복참치,제주특별자치도 제주시 과원북4길 9,노형동,064-713-2787,일식,2022-02-21
제주시,삼춘이야기노형점,제주특별자치도 제주시 광평동로 45,노형동,064-747-6692,한식,2022-02-21
제주시,후니참치,제주특별자치도 제주시 노연로 39,노형동,064-748-8887,일식,2022-02-21
제주시,어머니와장독대노형점,제주특별자치도 제주시 월광로 77,노형동,064-711-6001,한식,2022-02-21
제주시,제주늘봄,제주특별자치도 제주시 고사마루길 6,노형동,064-742-7712,한식,2022-02-21
제주시,제주한우리,제주특별자치도 제주시 고사마루길 10,노형동,064-744-9000,한식,2022-02-21
제주시,우림,제주특별자치도 제주시 도령로 28-2,노형동,064-748-0748,일식,2022-02-21
제주시,래원,제주특별자치도 제주시 과원북4길 3,노형동,064-711-8234,중식,2022-02-21
제주시,삼대국수회관노형점,제주특별자치도 제주시 노형13길 11,노형동,064-722-3366,한식,2022-02-21
제주시,노형순창,제주특별자치도 제주시 진군3길 1,노형동,064-743-6468,한식,2022-02-21
제주시,조마루뼈다귀노형점,제주특별자치도 제주시 수덕로 83,노형동,064-711-3535,한식,2022-02-21
제주시,흑돈가,제주특별자치도 제주시 한라대학로 11,노형동,064-747-0088,한식,2022-02-21
제주시,흑돼지가있는풍경,제주특별자치도 제주시 진군남4길 7-8,노형동,064-742-1108,한식,2022-02-21
제주시,놀부부대찌개철판구이신제주점,제주특별자치도 제주시 도령로 39,노형동,064-742-5382,한식,2022-02-21
제주시,노형늘봄,제주특별자치도 제주시 한라대학로 12,노형동,064-744-9001,한식,2022-02-21
제주시,이화원,제주특별자치도 제주시 달마루길 20,노형동,064-749-8801,중식,2022-02-21
제주시,내고향해장국,제주특별자치도 제주시 월랑로4길 14,노형동,064-744-9009,한식,2022-02-21
제주시,샤브향신제주점,제주특별자치도 제주시 월랑로 30,노형동,064-901-4994,양식,2022-02-21
제주시,홋카이도,제주특별자치도 제주시 노연로 42,노형동,064-747-4343,일식,2022-02-21
제주시,두끼떡볶이제주노형점,제주특별자치도 제주시 연북로 48,노형동,064-748-8858,한식,2022-02-21
제주시,푸라닭신제주점,제주특별자치도 제주시 원노형로 36,노형동,064-749-9493,한식,2022-02-21
제주시,연우네,제주특별자치도 제주시 은수길 110,노형동,064-712-5646,한식,2022-02-21
제주시,제주여행가야밀면,제주특별자치도 제주시 원노형9길 14,노형동,064-745-3400,한식,2022-02-21
제주시,어가,제주특별자치도 제주시 1100로 3213-8,노형동,064-749-0081,한식,2022-02-21
제주시,모이세해장국노형점,제주특별자치도 제주시 월랑로 61,노형동,064-745-5253,한식,2022-02-21
제주시,은희네해장국노형점,제주특별자치도 제주시 원노형로 40,노형동,064-711-5820,한식,2022-02-21
제주시,봉자네숙성뼈갈비,제주특별자치도 제주시 1100로 3228,노형동,064-713-3636,일식,2022-02-21
제주시,드렁몰라도새기샤브마을,제주특별자치도 제주시 달마루길 22,노형동,064-772-8000,한식,2022-02-21
제주시,돈사돈2호점,제주특별자치도 제주시 광평동로 15,노형동,064-747-7876,한식,2022-02-21
제주시,제철별미,제주특별자치도 제주시 원노형3길 28,노형동,064-749-2669,한식,2022-02-21
제주시,만배성,제주특별자치도 제주시 아연로 484-9,아라동,064-712-6800,한식,2022-02-21
제주시,아라미당한우전문점,제주특별자치도 제주시 아연로 595,아라동,064-751-2266,한식,2022-02-21
제주시,아라캐슬웨딩홀구내,제주특별자치도 제주시 중앙로 504,아라동,064-702-3339,한식,2022-02-21
제주시,비욘드더테이블,제주특별자치도 제주시 한경면 녹차분재로 685-21,한경면,064-772-3701,한식,2022-02-21
제주시,신창흑돼지두루치기,제주특별자치도 제주시 한경면 두신로 74-1,한경면,064-773-2272,한식,2022-02-21
제주시,사형제,제주특별자치도 제주시 한림읍 한림상로 273,한림읍,064-796-8709,일식,2022-02-21
제주시,옹포별장가든,제주특별자치도 제주시 한림읍 한림상로 24,한림읍,064-796-3146,한식,2022-02-21
제주시,제주코,제주특별자치도 제주시 한림읍 중산간서로 4494,한림읍,064-796-5689,한식,2022-02-21
제주시,한림바다생태체험마을,제주특별자치도 제주시 한림읍 한림해안로 200,한림읍,064-796-1817,한식,2022-02-21
제주시,한림일품,제주특별자치도 제주시 한림읍 한림해안로 154,한림읍,064-796-7534,일식,2022-02-21
제주시,고집돌우럭함덕점,제주특별자치도 제주시 조천읍 신북로 491-9,조천읍,064-783-6060,한식,2022-02-21
제주시,교래손칼국수,제주특별자치도 제주시 조천읍 비자림로 645,조천읍,064-782-9870,한식,2022-02-21
제주시,낭뜰에쉼팡,제주특별자치도 제주시 조천읍 남조로 2343,조천읍,064-784-9292,한식,2022-02-21
제주시,대성아귀찜,제주특별자치도 제주시 조천읍 함덕13길 4,조천읍,064-784-0975,한식,2022-02-21
제주시,대자연가든,제주특별자치도 제주시 조천읍 신북로 618,조천읍,064-783-6969,한식,2022-02-21
제주시,대풍미락횟집함덕본점,제주특별자치도 제주시 조천읍 조함해안로 446,조천읍,064-784-8100,한식,2022-02-21
제주시,대풍미락정육식당함덕본점,제주특별자치도 제주시 조천읍 조함해안로 450,조천읍,064-784-8102,한식,2022-02-21
제주시,돈사돈월정점,제주특별자치도 제주시 구좌읍 한동북1길 29-3,구좌읍,064-784-9289,한식,2022-02-21
제주시,밭담,제주특별자치도 제주시 구좌읍 행원로5길 35-20,구좌읍,064-783-1376,한식,2022-02-21
제주시,버드나무,제주특별자치도 제주시 조천읍 신북로 540,조천읍,064-782-9992,한식,2022-02-21
제주시,별미해장국본점,제주특별자치도 제주시 조천읍 신북로 608,조천읍,064-782-1680,한식,2022-02-21
제주시,서울식당,제주특별자치도 제주시 조천읍 함덕13길 5,조천읍,064-783-8170,한식,2022-02-21
제주시,선장과해녀,제주특별자치도 제주시 조천읍 조함해안로 432-19,조천읍,064-783-8359,한식,2022-02-21
제주시,세화그때그집,제주특별자치도 제주시 구좌읍 세평항로 43,구좌읍,064-783-9244,한식,2022-02-21
제주시,아름,제주특별자치도 제주시 조천읍 교래3길 24,조천읍,064-784-9100,한식,2022-02-21
제주시,안다미로,제주특별자치도 제주시 조천읍 비자림로 648,조천읍,064-783-0668,한식,2022-02-21
제주시,연미정,제주특별자치도 제주시 구좌읍 세평항로 14,조천읍,064-784-8856,한식,2022-02-21
제주시,연자모루,제주특별자치도 제주시 조천읍 신촌6길 13,조천읍,064-784-4929,한식,2022-02-21
제주시,저팔계깡통숯불구이,제주특별자치도 제주시 조천읍 신북로 523,조천읍,064-783-8788,한식,2022-02-21
제주시,정순화순두부,제주특별자치도 제주시 조천읍 일주동로 1415,조천읍,064-783-4900,한식,2022-02-21
제주시,제주동복해녀식당,제주특별자치도 제주시 구좌읍 동복로 5,구좌읍,064-783-4141,한식,2022-02-21
제주시,제주본가,제주특별자치도 제주시 조천읍 비자림로 684,조천읍,064-784-0900,한식,2022-02-21
제주시,제주순풍해장국,제주특별자치도 제주시 조천읍 신북로 604,조천읍,064-782-8866,한식,2022-02-21
제주시,주식회사해녀촌,제주특별자치도 제주시 구좌읍 동복로 35,구좌읍,064-783-4242,한식,2022-02-21
제주시,평대전복,제주특별자치도 제주시 구좌읍 해맞이해안로 1254-2,구좌읍,064-782-0036,한식,2022-02-21
제주시,해어랑,제주특별자치도 제주시 조천읍 조함해안로 525,조천읍,064-784-8828,한식,2022-02-21
제주시,황금손가락함덕점,제주특별자치도 제주시 조천읍 신북로 519,조천읍,064-784-2588,일식,2022-02-21
제주시,해원,제주특별자치도 제주시 서해안로 687-6,용담2,064-711-2552,일식,2022-02-21
제주시,제주향토골,제주특별자치도 제주시 공항로 2,용담2,064-712-1666,한식,2022-02-21
제주시,길림성,제주특별자치도 제주시 남성로 37,용담1,064-724-6660,중식,2022-02-21
제주시,어림향,제주특별자치도 제주시 서사로24길 22,삼도1,064-727-7999,일식,2022-02-21
제주시,일맥샤브,제주특별자치도 제주시 중앙로14길 40-8,삼도2,064-726-3999,한식,2022-02-21
제주시,어우늘,제주특별자치도 제주시 연북로 222,오라,064-743-5131,한식,2022-02-21
제주시,월라촌,제주특별자치도 제주시 오남로 66,오라,064-726-4700,한식,2022-02-21
제주시,장씨네,제주특별자치도 제주시 서사로 78,삼도1,064-722-2992,한식,2022-02-21
제주시,도라지,제주특별자치도 제주시 연삼로 128,오라,064-722-3142,한식,2022-02-21
제주시,하르방밀면공항점,제주특별자치도 제주시 공설로 53,오라,064-792-5000,한식,2022-02-21
제주시,가리본가광양점,제주특별자치도 제주시 서사로19길 42,삼도1,064-711-7448,한식,2022-02-21
제주시,영주말가든,제주특별자치도 제주시 연북로 196,오라,064-748-4343,한식,2022-02-21
제주시,(주)우진해장국,제주특별자치도 제주시 서사로 11,삼도2,064-757-3393,한식,2022-02-21
제주시,푸주옥오라점,제주특별자치도 제주시 오라로 140,오라,064-727-8888,한식,2022-02-21
제주시,명태골,제주특별자치도 제주시 오남로 11,오라,064-759-5050,한식,2022-02-21
제주시,애담한우,제주특별자치도 제주시 서광로 46-10,오라,064-746-5588,한식,2022-02-21
제주시,태광,제주특별자치도 제주시 탑동로 142,용담1,064-751-1071,한식,2022-02-21
제주시,달맞이,제주특별자치도 제주시 신대로 6길 13,연동,064-742-7766,한식,2022-02-21
제주시,지지지,제주특별자치도 제주시 신대로 104,연동,,한식,2022-02-21
제주시,이비가짬뽕제주1호이호점,제주특별자치도 제주시 도공로 154-7,이호2,,중식,2022-02-21
제주시,삼미횟집제주공항점,제주특별자치도 제주시 도두항서5길 1,도두1,064-746-9595,일식,2022-02-21
제주시,토끼와거북이,제주특별자치도 제주시 서해안로 498-6,용담3,064-713-4444,한식,2022-02-21
제주시,외양간,제주특별자치도 제주시 선덕로 5길 13,연동,064-748-4343,한식,2022-02-21
제주시,태백산제주본점,제주특별자치도 제주시 도공로 154-12,이호2,064-743-9137,한식,2022-02-21
제주시,산지물신제주점,제주특별자치도 제주시 신대로 10길 53,연동,064-745-5799,한식,2022-02-21
제주시,동이트는집,제주특별자치도 제주시 연동 9길 13,연동,064-749-2309,한식,2022-02-21
제주시,제주정지,제주특별자치도 제주시 서해안로 480,용담3,064-711-0810,한식,2022-02-21
제주시,바다풍경,제주특별자치도 제주시 서해안로 654,용담3,,한식,2022-02-21
제주시,장춘육당,제주특별자치도 제주시 신대로 10길 36,연동,064-742-8556,한식,2022-02-21
제주시,제주마당,제주특별자치도 제주시 도리로 50,이호1,,한식,2022-02-21
제주시,신제주그랜드식당,제주특별자치도 제주시 신대로 70,연동,064-712-2324,일식,2022-02-21
제주시,어장군,제주특별자치도 제주시 신대로 72,연동,064-744-2258,한식,2022-02-21
제주시,삼다도횟집,제주특별자치도 제주시 서해안로 572,용담3,064-748-0909,일식,2022-02-21
제주시,도두,제주특별자치도 제주시 도두3길 48,도두1,064-742-9292,일식,2022-02-21
제주시,섬횟집,제주특별자치도 제주시 서해안로 242,도두1,064-742-2929,일식,2022-02-21
제주시,탐라향,제주특별자치도 제주시 서해안로 346-13,도두2,064-748-5800,한식,2022-02-21
제주시,바다예찬,제주특별자치도 제주시 귀아랑 1길 26-1,연동,064-749-0092,일식,2022-02-21
제주시,빕스연동제주점,제주특별자치도 제주시 연삼로 2,연동,064-751-1997,양식,2022-02-21
제주시,꽃가마,제주특별자치도 제주시 신산로 97,일도동,064-755-6454,한식,2022-02-21
제주시,일품샤브샤브,제주특별자치도 제주시 동광로 161,일도동,064-727-7779,한식,2022-02-21
제주시,조마루뼈다귀일도지구점,제주특별자치도 제주시 연수로3길 5,일도동,064-751-5115,한식,2022-02-21
제주시,명가일식,제주특별자치도 제주시 만덕로6길 34,일도동,064-725-4333,일식,2022-02-21
제주시,군족,제주특별자치도 제주시 동화로 74,화북동,064-721-8977,한식,2022-02-21
제주시,맛있는소리,제주특별자치도 제주시 진동로 6,화북동,064-758-9298,한식,2022-02-21
제주시,삼다향,제주특별자치도 제주시 일주동로 242,삼양동,064-721-5659,한식,2022-02-21
제주시,강윤구스시야,제주특별자치도 제주시 화삼북로 135,삼양동,064-722-0271,일식,2022-02-21
제주시,명물,제주특별자치도 제주시 탑동로11길 2-1,삼도2,064-723-5233,한식,2022-02-21
제주시,바다잔치,제주특별자치도 제주시 탑동로 79,삼도2,064-702-8989,한식,2022-02-21
제주시,탑동산호전복,제주특별자치도 제주시 탑동로 59,삼도2,064-758-0123,한식,2022-02-21
제주시,제주흑돼지마씸,제주특별자치도 제주시 탑동로 18,삼도2,064-726-2656,한식,2022-02-21
제주시,삼양장원,제주특별자치도 제주시 일주동로 394,삼양동,064-702-3088,한식,2022-02-21
제주시,순풍해장국,제주특별자치도 제주시 일주동로 355,삼양동,064-721-9944,한식,2022-02-21
제주시,제주정,제주특별자치도 제주시 일주동로 320,삼양동,064-721-2228,한식,2022-02-21
제주시,한촌설렁탕삼화점,제주특별자치도 제주시 일주동로 285,삼양동,064-724-5138,한식,2022-02-21
제주시,진돼지,제주특별자치도 제주시 은수길 65,연동,064-746-1542,한식,2022-02-21
제주시,화목원,제주특별자치도 제주시 연화남길 41,연동,064-748-0023,한식,2022-02-21
제주시,스푼더마켓제주점,제주특별자치도 제주시 연북로 76,연동,064-747-4600,뷔페식,2022-02-21
제주시,김명자굴국밥,제주특별자치도 제주시 연북로 168,연동,064-747-0320,한식,2022-02-21
제주시,유리네,제주특별자치도 제주시 연북로 146,연동,064-748-0890,한식,2022-02-21
제주시,풍전,제주특별자치도 제주시 연동8길 30,연동,064-747-0123,한식,2022-02-21
제주시,풍천만가,제주특별자치도 제주시 아연로 40,연동,064-713-6255,한식,2022-02-21
제주시,정우말가든,제주특별자치도 제주시 아연로 17,연동,064-747-6525,한식,2022-02-21
제주시,삼대국수회관신제주점,제주특별자치도 제주시 신대로20길 32,연동,064-747-9493,한식,2022-02-21
제주시,천하일품,제주특별자치도 제주시 신대로14길 35,연동,064-748-6592,한식,2022-02-21
제주시,제주영재숯불,제주특별자치도 제주시 신광로10길 23,연동,064-745-8866,한식,2022-02-21
제주시,서흘포가든,제주특별자치도 제주시 선사로6길 12,삼양동,064-726-0011,한식,2022-02-21
제주시,양푼왕갈비,제주특별자치도 제주시 선덕로 14,연동,064-746-3663,한식,2022-02-21
제주시,만부정,제주특별자치도 제주시 사장길 38,연동,064-743-1119,한식,2022-02-21
제주시,황금어장,제주특별자치도 제주시 사장길 14,연동,064-748-8989,한식,2022-02-21
제주시,이금돈지,제주특별자치도 제주시 노연로 143,연동,064-711-8866,한식,2022-02-21
제주시,연동신도시식당,제주특별자치도 제주시 국기중길 28,연동,064-711-5664,한식,2022-02-21
제주시,연안식당,제주특별자치도 제주시 신대로 169,연동,064-747-7915,한식,2022-02-21
제주시,자매국수,제주특별자치도 제주시 탑동로11길 6,삼도2,064-727-1112,한식,2022-02-21
제주시,조선화로집제주연북로점,제주특별자치도 제주시 연북로 173,연동,064-742-8892,한식,2022-02-21
제주시,칠돈가제주공항직영점,제주특별자치도 제주시 신대로 144,연동,064-745-8858,한식,2022-02-21
제주시,제주돈드르족발보쌈,제주특별자치도 제주시 은남길 25,연동,064-748-8500,한식,2022-02-21
제주시,금보,제주특별자치도 제주시 서부두길 14,건입,064-726-1777,일식,2022-02-21
제주시,대진,제주특별자치도 제주시 서부두길 16,건입,064-758-0522,일식,2022-02-21
제주시,돈향기,제주특별자치도 제주시 관덕로15길 30,건입,064-724-0228,한식,2022-02-21
제주시,만옥,제주특별자치도 제주시 중앙로2길 1,건입,064-751-1443,한식,2022-02-21
제주시,서부두,제주특별자치도 제주시 임항로 37-2,건입,064-756-0506,한식,2022-02-21
제주시,소라,제주특별자치도 제주시 서부두길 18-2,건입,064-758-9273,일식,2022-02-21
제주시,우정횟집,제주특별자치도 제주시 서부두길 16,건입,064-757-4202,일식,2022-02-21
제주시,제주몬트락,제주특별자치도 제주시 임항로 20,건입,064-757-2300,한식,2022-02-21
제주시,탑부평,제주특별자치도 제주시 관덕로15길 26,건입,064-753-7869,한식,2022-02-21
제주시,해진횟집,제주특별자치도 제주시 서부두길 26,건입,064-722-4584,일식,2022-02-21
제주시,산지물식당,제주특별자치도 제주시 임항로 26,건입,064-752-5599,한식,2022-02-21
제주시,푸주옥도남점,제주특별자치도 제주시 독짓골4길 4,도남동,064-727-8889,한식,2022-02-21
제주시,대한축산정육식당,제주특별자치도 제주시 도남로 51,도남동,064-725-9225,한식,2022-02-21
제주시,바르다김선생삼화점,제주특별자치도 제주시 건주로 37,도련동,064-702-7848,한식,2022-02-21
제주시,제주밀라네사뷔페,제주특별자치도 제주시 매촌2길 78,도련동,064-724-1014,뷔페식,2022-02-21
제주시,제주축협한우플라자삼화점,제주특별자치도 제주시 건주로 45,도련동,064-758-5201,한식,2022-02-21
제주시,황금손가락삼화점,제주특별자치도 제주시 건주로4길 14-8,도련동,064-758-3388,일식,2022-02-21
제주시,통영아귀찜,제주특별자치도 제주시 번영로 535,봉개동,064-721-9002,한식,2022-02-21
제주시,동부산가든,제주특별자치도 제주시 봉개북1길 10,봉개동,064-723-3838,한식,2022-02-21
제주시,이돈갓시청점,제주특별자치도 제주시 광양14길 9,이도동,064-723-6427,양식,2022-02-21
제주시,갑도니,제주특별자치도 제주시 광양14길 14,이도동,064-752-9288,한식,2022-02-21
제주시,새미언덕,제주특별자치도 제주시 중산간동로 188-6,회천동,064-752-8200,한식,2022-02-21
제주시,흑돼지거리대돈,제주특별자치도 제주시 애월읍 일주서로 7113,애월읍,064-800-4010,한식,2022-02-21
제주시,미스터빠삭제주외도점,제주특별자치도 제주시 일주서로 7319-1,외도동,064-742-7899,한식,2022-02-21
제주시,북경반점,제주특별자치도 제주시 전농로117,이도동,064-722-4256,중식,2022-02-21
제주시,네모오징어,제주특별자치도 제주시 광양13길 10,이도동,064-755-6777,한식,2022-02-21
제주시,삼계별장,제주특별자치도 제주시 연북로 599,이도동,,한식,2022-02-21
제주시,마왕족발제주아라점,제주특별자치도 제주시 아란7길 3-2,아라동,064-722-9234,한식,2022-02-21
제주시,서서방숯불닭갈비아라점,제주특별자치도 제주시 아란7길 3-3,아라동,064-721-7745,한식,2022-02-21
제주시,일빈관,제주특별자치도 제주시 한림읍 한림상로 186,한림읍,064-796-0316,중식,2022-02-21
제주시,우돈향,제주특별자치도 제주시 조천읍 조함해안로 530,조천읍,,한식,2022-02-21
제주시,계절식탁향토,제주특별자치도 제주시 조천읍 조함해안로 510,조천읍,,한식,2022-02-21
제주시,갈치옥,제주특별자치도 제주시 조천읍 조함해안로 530,조천읍,,한식,2022-02-21
제주시,와흘길따라,제주특별자치도 제주시 조천읍 남조로 2324,조천읍,064-784-7082,한식,2022-02-21
제주시,순옥이네명가함덕점,제주특별자치도 제주시 조천읍 함덕로 6,조천읍,064-784-7082,한식,2022-02-21
제주시,백가네제주한상,제주특별자치도 제주시 조천읍 함덕로 40,조천읍,064-784-9966,한식,2022-02-21
제주시,일품핫쭈꾸미,제주특별자치도 제주시 연북로 210,오라동,064-722-9696,한식,2022-02-21
제주시,오쿠다공항점,제주특별자치도 제주시 용문로 18길 60-5,용담2,064-711-9303,한식,2022-02-21
제주시,한촌설렁탕종합운동장점,제주특별자치도 제주시 오라로 118,오라동,064-725-4441,한식,2022-02-21
제주시,착한집,제주특별자치도 제주시 서광로 98,오라동,064-713-7136,한식,2022-02-21
제주시,용담밭담,제주특별자치도 제주시 서천길 16,용담2,064-742-7856,한식,2022-02-21
제주시,제주오라성,제주특별자치도 제주시 오라남로 16,오라동,064-748-3005,한식,2022-02-21
제주시,모이세해장국본점,제주특별자치도 제주시 연북로 221,오라동,064-746-5128,한식,2022-02-21
제주시,사계진미숯불닭갈비제원,제주특별자치도 제주시 연동7길 22,연동,,한식,2022-02-21
제주시,금갈치타운,제주특별자치도 제주시 고마로19길 2,일도동,064-727-9299,한식,2022-02-21
제주시,신설돈가,제주특별자치도 제주시 고마로 21,일도동,,한식,2022-02-21
제주시,대독장화북점,제주특별자치도 제주시 일주동로 87,화북동,064-755-4428,한식,2022-02-21
제주시,고깃소리,제주특별자치도 제주시 서흘1길 56 1,삼양동,,한식,2022-02-21
제주시,주식회사옥만이네,제주특별자치도 제주시 수목원길 65-6,연동,064-711-3093,한식,2022-02-21
제주시,초가장,제주특별자치도 제주시 서부두길 16,건입동,064-758-1333,일식,2022-02-21
서귀포시,원보뷔페본점,제주특별자치도 서귀포시 516로 204,토평동,064-739-8997,뷔페식,2022-02-21
서귀포시,은희네해장국서귀포점,제주특별자치도 서귀포시 516로 84,토평동,064-767-0039,한식,2022-02-21
서귀포시,명륜진사갈비신서귀포점,제주특별자치도 서귀포시 김정문화로 27번길 10-3,강정동,064-738-0190,한식,2022-02-21
서귀포시,육값하네식육가든,제주특별자치도 서귀포시 남조로 141,남원읍,064-764-5053,한식,2022-02-21
서귀포시,일품순두부남원점,제주특별자치도 서귀포시 남조로 30,남원읍,064-764-9001,한식,2022-02-21
서귀포시,태흥횟집,제주특별자치도 서귀포시 남태해안로 435,남원읍,064-764-2896,일식,2022-02-21
서귀포시,전망대,제주특별자치도 서귀포시 대정읍 가파로 67번길 58,대정읍,064-794-5033,한식,2022-02-21
서귀포시,신태백관,제주특별자치도 서귀포시 대정읍 동일하모로 196,대정읍,064-794-8537,중식,2022-02-21
서귀포시,옥돔식당,제주특별자치도 서귀포시 대정읍 신영로 36번길 62,대정읍,064-794-8833,한식,2022-02-21
서귀포시,올랭이와물꾸럭,제주특별자치도 서귀포시 대정읍 신영로 93-5,대정읍,064-794-5022,한식,2022-02-21
서귀포시,미향해장국모슬포점,제주특별자치도 서귀포시 대정읍 일주서로 2476,대정읍,064-792-9588,한식,2022-02-21
서귀포시,최남단식당,제주특별자치도 서귀포시 대정읍 최남단해안로 40,대정읍,064-794-9191,일식,2022-02-21
서귀포시,산방식당,제주특별자치도 서귀포시 대정읍 하모이삼로 62,대정읍,064-794-2165,한식,2022-02-21
서귀포시,모이세해장국모슬포점,제주특별자치도 서귀포시 대정읍 하모중앙로 23,대정읍,064-792-5382,한식,2022-02-21
서귀포시,주식회사부두식당,제주특별자치도 서귀포시 대정읍 하모항구로 62,대정읍,064-794-1223,한식,2022-02-21
서귀포시,다금바리횟집,제주특별자치도 서귀포시 대청로 37,강정동,064-739-1900,일식,2022-02-21
서귀포시,군족강정점,제주특별자치도 서귀포시 대청로 37,강정동,064-738-9258,한식,2022-02-21
서귀포시,큰갯물횟집,제주특별자치도 서귀포시 대포로 161,대포동,064-738-1625,일식,2022-02-21
서귀포시,오르막가든,제주특별자치도 서귀포시 대포중앙로 12,대포동,064-738-7755,한식,2022-02-21
서귀포시,독도참치,제주특별자치도 서귀포시 동문로 62-1,서귀동,064-762-5656,일식,2022-02-21
서귀포시,윤씨네돈가,제주특별자치도 서귀포시 동홍남로 28,동홍동,064-767-3292,한식,2022-02-21
서귀포시,조마루뼈다귀서귀포점,제주특별자치도 서귀포시 동홍동로 13,동홍동,064-763-4417,한식,2022-02-21
서귀포시,헬스케어차이나타운,제주특별자치도 서귀포시 동홍로 332,토평동,064-733-2111,중식,2022-02-21
서귀포시,서귀포갈비,제주특별자치도 서귀포시 동홍로 42,동홍동,064-762-2323,한식,2022-02-21
서귀포시,금상첨화,제주특별자치도 서귀포시 동홍서로112번길 4-16,동홍동,064-762-5292,한식,2022-02-21
서귀포시,서귀포통큰장어,제주특별자치도 서귀포시 동홍중앙로66번길 12,동홍동,064-762-8292,한식,2022-02-21
서귀포시,금강민물장어,제주특별자치도 서귀포시 문부로11번길 24-5,동홍동,064-733-2119,한식,2022-02-21
서귀포시,앙끄레국수,제주특별자치도 서귀포시 법환상로 2번길 97-18,법환동,064-739-2999,한식,2022-02-21
서귀포시,쉬는팡,제주특별자치도 서귀포시 상예로 248,상예동,064-738-5833,한식,2022-02-21
서귀포시,삼미흑돼지중문점,제주특별자치도 서귀포시 색달중앙로 33,색달동,064-739-9392,한식,2022-02-21
서귀포시,삼원정본점,제주특별자치도 서귀포시 색달중앙로 44,색달동,064-738-1077,한식,2022-02-21
서귀포시,네거리식당,제주특별자치도 서귀포시 서문로29번길20,서귀동,064-762-5513,한식,2022-02-21
서귀포시,천지한우촌식육식당,제주특별자치도 서귀포시 서문로29번길28,서귀동,064-733-9289,한식,2022-02-21
서귀포시,우리집흑돼지,제주특별자치도 서귀포시 서문로41번길16,서귀동,064-733-9610,한식,2022-02-21
서귀포시,서귀포축협 청정제주촌,제주특별자치도 서귀포시 서호남로 65,서호동,064-738-5435,한식,2022-02-21
서귀포시,한가네흑돼지냉면,제주특별자치도 서귀포시 서호호근로 42,서호동,064-733-1188,한식,2022-02-21
서귀포시,꽃가람,제주특별자치도 서귀포시 성산읍 고성동서로 73,성산읍,064-783-3939,한식,2022-02-21
서귀포시,해월향,제주특별자치도 서귀포시 성산읍 고성오조로 33,성산읍,064-784-4080,한식,2022-02-21
서귀포시,삼수정식당,제주특별자치도 서귀포시 성산읍 동류암로 45,성산읍,064-782-2146,한식,2022-02-21
서귀포시,성산일출봉 어멍횟집,제주특별자치도 서귀포시 성산읍 동류암로39번길 9-2,성산읍,064-783-1177,일식,2022-02-21
서귀포시,성산미소복집,제주특별자치도 서귀포시 성산읍 서성일로 872-6,성산읍,064-782-5448,한식,2022-02-21
서귀포시,티라한식당,제주특별자치도 서귀포시 성산읍 섭지코지로 25번길41,성산읍,064-786-5382,한식,2022-02-21
서귀포시,백록횟집,제주특별자치도 서귀포시 성산읍 섭지코지로 25번길12,성산읍,064-782-8002,일식,2022-02-21
서귀포시,제주고가네식당,제주특별자치도 서귀포시 성산읍 성산중앙로 19번길14,성산읍,064-784-5559,한식,2022-02-21
서귀포시,모다정,제주특별자치도 서귀포시 성산읍 성산중앙로 37번길9,성산읍,064-782-1805,한식,2022-02-21
서귀포시,성산일출돈,제주특별자치도 서귀포시 성산읍 성산중앙로 64번길 5-4,성산읍,064-782-5151,한식,2022-02-21
서귀포시,성산을본갈치,제주특별자치도 서귀포시 성산읍 성산중앙로 64번길 5-4,성산읍,064-782-6868,한식,2022-02-21
서귀포시,만조이천쌀밥,제주특별자치도 서귀포시 성산읍 성산중앙로5,성산읍,064-784-9793,한식,2022-02-21
서귀포시,해왓,제주특별자치도 서귀포시 성산읍 신고로 30-1,성산읍,064-782-5689,한식,2022-02-21
서귀포시,섭지골,제주특별자치도 서귀포시 성산읍 신양로 107,성산읍,064-784-0014,한식,2022-02-21
서귀포시,흑돗,제주특별자치도 서귀포시 성산읍 신양로 69,성산읍,064-782-9275,한식,2022-02-21
서귀포시,일산바지락 손칼국수,제주특별자치도 서귀포시 성산읍 일주동로 5595,성산읍,064-787-7764,한식,2022-02-21
서귀포시,해촌,제주특별자치도 서귀포시 성산읍 일출로 220,성산읍,064-784-8001,일식,2022-02-21
서귀포시,성산촌뚝배기,제주특별자치도 서귀포시 성산읍 일출로 238-1,성산읍,064-783-5656,한식,2022-02-21
서귀포시,제주뚝배기,제주특별자치도 서귀포시 성산읍 일출로 255,성산읍,064-782-1089,한식,2022-02-21
서귀포시,돌하르방 뚝배기식당,제주특별자치도 서귀포시 성산읍 일출로 264,성산읍,064-784-6868,한식,2022-02-21
서귀포시,바다풍경,제주특별자치도 서귀포시 성산읍 일출로 288번길17,성산읍,064-784-9779,일식,2022-02-21
서귀포시,제주성산해마루,제주특별자치도 서귀포시 성산읍 일출로 84,성산읍,064-782-1150,한식,2022-02-21
서귀포시,미향해장국성산점,제주특별자치도 서귀포시 성산읍 일출로 9,성산읍,064-784-9994,한식,2022-02-21
서귀포시,오조해녀의집,제주특별자치도 서귀포시 성산읍 한도로 141-13,성산읍,064-784-0893,한식,2022-02-21
서귀포시,칠돈가성산점,제주특별자치도 서귀포시 성산읍 한도로 80,성산읍,,한식,2022-02-21
서귀포시,성산갈치맛집,제주특별자치도 서귀포시 성산읍 한도로 90,성산읍,064-783-7657,한식,2022-02-21
서귀포시,만사성,제주특별자치도 서귀포시 소암로 37,성산읍,064-762-3636,중식,2022-02-21
서귀포시,죽림횟집,제주특별자치도 서귀포시 솔동산로 5-1,성산읍,064-733-7688,일식,2022-02-21
서귀포시,진미명가식당,제주특별자치도 서귀포시 안덕면 사계남로 167,안덕면,064-794-3639,일식,2022-02-21
서귀포시,남경미락,제주특별자치도 서귀포시 안덕면 사계남로 190-7,안덕면,064-794-0055,일식,2022-02-21
서귀포시,미향해장국 플레이사계점,제주특별자치도 서귀포시 안덕면 사계남로 216번길 31,안덕면,064-792-1146,한식,2022-02-21
서귀포시,잇뽕사계,제주특별자치도 서귀포시 안덕면 사계로 114번길 54-12 105,안덕면,064-794-2545,중식,2022-02-21
서귀포시,신옛촌,제주특별자치도 서귀포시 안덕면 사계로 187-6,안덕면,064-794-1688,한식,2022-02-21
서귀포시,고메밀면제주본점,제주특별자치도 서귀포시 안덕면 산방로 248,안덕면,064-792-6777,한식,2022-02-21
서귀포시,만복밀면,제주특별자치도 서귀포시 안덕면 산방로 53,안덕면,064-794-0015,한식,2022-02-21
서귀포시,만복흑돼지,제주특별자치도 서귀포시 안덕면 산방로 53,안덕면,064-792-0095,한식,2022-02-21
서귀포시,해월정서귀포점,제주특별자치도 서귀포시 안덕면 일주서로 1355,안덕면,064-792-5664,한식,2022-02-21
서귀포시,춘심이네,제주특별자치도 서귀포시 안덕면 창천중앙로24번길 16,안덕면,064-794-4010,한식,2022-02-21
서귀포시,셰프와흑돼지,제주특별자치도 서귀포시 안덕면 한창로110번길 62,안덕면,064-794-7947,한식,2022-02-21
서귀포시,양자강,제주특별자치도 서귀포시 안덕면 화순중앙로54번길 10,안덕면,064-792-1181,중식,2022-02-21
서귀포시,월드컵흑돼지,제주특별자치도 서귀포시 월드컵로 74,법환동,064-738-3292,한식,2022-02-21
서귀포시,은빌레식당,제주특별자치도 서귀포시 의귀로 120,남원읍,064-764-2221,한식,2022-02-21
서귀포시,하영횟집,제주특별자치도 서귀포시 이어도로 1043,서호동,064-739-8161,한식,2022-02-21
서귀포시,헬로우보일링크랩,제주특별자치도 서귀포시 이어도로 1048,서호동,070-8147-3453,서양식,2022-02-21
서귀포시,뻘떡낙지서귀포점,제주특별자치도 서귀포시 이어도로 1059,서호동,064-739-5988,한식,2022-02-21
서귀포시,큰솔가,제주특별자치도 서귀포시 이어도로 193,대포동,064-739-7171,한식,2022-02-21
서귀포시,대포해송,제주특별자치도 서귀포시 이어도로 200-7,대포동,064-738-4060,일식,2022-02-21
서귀포시,대기정,제주특별자치도 서귀포시 이어도로 41,대포동,064-739-1041,한식,2022-02-21
서귀포시,대포어촌횟집,제주특별자치도 서귀포시 이어도로 75,대포동,064-738-0560,일식,2022-02-21
서귀포시,삼대해물뚝배기,제주특별자치도 서귀포시 일주동로 8167,하효동,064-733-0591,한식,2022-02-21
서귀포시,훅한우명품관,제주특별자치도 서귀포시 일주동로 8421,토평동,064-732-1486,한식,2022-02-21
서귀포시,까망돼지서귀포점,제주특별자치도 서귀포시 일주동로 8524,토평동,064-732-6543,한식,2022-02-21
서귀포시,제주손칼국수냉면전문,제주특별자치도 서귀포시 일주동로 8599,동홍동,064-763-3331,한식,2022-02-21
서귀포시,라라코스트서귀포점,제주특별자치도 서귀포시 일주동로 8670,동홍동,064-733-3231,서양식,2022-02-21
서귀포시,"서귀포걸메도야지
통뼈감자탕",제주특별자치도 서귀포시 일주동로 8733,서귀동,064-762-8534,한식,2022-02-21
서귀포시,황토기와집,제주특별자치도 서귀포시 일주서로 1102,상예동,064-739-0575,한식,2022-02-21
서귀포시,중문미향해장국본점,제주특별자치도 서귀포시 일주서로 962,색달동,064-739-8868,한식,2022-02-21
서귀포시,목포고을본점,제주특별자치도 서귀포시 일주서로 968-5,색달동,064-738-5551,한식,2022-02-21
서귀포시,제주오성본점,제주특별자치도 서귀포시 중문관광로 27,색달동,064-739-3120,한식,2022-02-21
서귀포시,대포칼제비,제주특별자치도 서귀포시 중문관광로 338,대포동,064-739-1666,한식,2022-02-21
서귀포시,신우성흑돼지,제주특별자치도 서귀포시 중문관광로 72번길 29-9,색달동,064-738-7830,한식,2022-02-21
서귀포시,엉덩물횟집,제주특별자치도 서귀포시 중문관광로 72번길 29-9,색달동,064-738-7830,일식,2022-02-21
서귀포시,중문국수나라,제주특별자치도 서귀포시 중문로 51번길 2,중문동,064-739-3772,한식,2022-02-21
서귀포시,약촌삼계탕,제주특별자치도 서귀포시 중산간동로7750,토평동,064-732-5377,한식,2022-02-21
서귀포시,풍천연가풍천장어 참숯구이,제주특별자치도 서귀포시 중앙로 104,동홍동,064-733-5222,한식,2022-02-21
서귀포시,화끈한갈매기,제주특별자치도 서귀포시 중앙로 132,동홍동,064-763-9292,한식,2022-02-21
서귀포시,서귀포차이나타운,제주특별자치도 서귀포시 중앙로 49,서귀동,064-733-2525,중식,2022-02-21
서귀포시,우정회센타,제주특별자치도 서귀포시 중앙로54번길 32,서귀동,064-733-8522,일식,2022-02-21
서귀포시,관촌밀면,제주특별자치도 서귀포시 중앙로59번길13,서귀동,064-732-5585,한식,2022-02-21
서귀포시,명가솥뚜껑,제주특별자치도 서귀포시 중앙로62번길 36,서귀동,064-763-0844,한식,2022-02-21
서귀포시,북경오리화덕구이,제주특별자치도 서귀포시 중앙로65,서귀동,064-762-5692,한식,2022-02-21
서귀포시,진국옹기설렁탕,제주특별자치도 서귀포시 중앙로79번길10,서귀동,064-763-1750,한식,2022-02-21
서귀포시,정희네해물탕,제주특별자치도 서귀포시 중정로 14,서귀동,064-733-1998,한식,2022-02-21
서귀포시,쌍둥이횟집본점,제주특별자치도 서귀포시 중정로 62번길 14,서귀동,064-762-0478,일식,2022-02-21
서귀포시,24시전주콩나물국밥,제주특별자치도 서귀포시 중정로 62번길 4,서귀동,064-762-0650,한식,2022-02-21
서귀포시,매일올레돈,제주특별자치도 서귀포시 중정로91번길 35,서귀동,064-732-6699,한식,2022-02-21
서귀포시,흑돼지구이집하영,제주특별자치도 서귀포시 천제연로 101,색달동,064-738-6011,한식,2022-02-21
서귀포시,신라원중문점,제주특별자치도 서귀포시 천제연로 107,색달동,064-739-7920,한식,2022-02-21
서귀포시,착한전복,제주특별자치도 서귀포시 천제연로 119,색달동,064-738-8455,한식,2022-02-21
서귀포시,덤장중문점,제주특별자치도 서귀포시 천제연로 17,색달동,064-738-2551,한식,2022-02-21
서귀포시,해심가든,제주특별자치도 서귀포시 천제연로 203-4,중문동,064-738-2820,한식,2022-02-21
서귀포시,이드레국수,제주특별자치도 서귀포시 천제연로 93,색달동,064-738-8777,한식,2022-02-21
서귀포시,보물섬횟집,제주특별자치도 서귀포시 칠십리로 105,서귀동,064-732-0009,일식,2022-02-21
서귀포시,서귀포괸당네 갈치요리전문점,제주특별자치도 서귀포시 칠십리로 123,서귀동,064-732-3757,한식,2022-02-21
서귀포시,영빈횟집,제주특별자치도 서귀포시 칠십리로 129,서귀동,064-732-3488,일식,2022-02-21
서귀포시,동해미락,제주특별자치도 서귀포시 칠십리로 133,서귀동,064-733-5921,일식,2022-02-21
서귀포시,새만부정,제주특별자치도 서귀포시 칠십리로 135,서귀동,064-733-7750,한식,2022-02-21
서귀포시,서귀포흑돈,제주특별자치도 서귀포시 칠십리로 278,토평동,064-767-9718,한식,2022-02-21
서귀포시,제주해풍횟집,제주특별자치도 서귀포시 칠십리로 41,서귀동,064-763-1008,일식,2022-02-21
서귀포시,부두회수산,제주특별자치도 서귀포시 칠십리로 94,서귀동,064-763-0018,일식,2022-02-21
서귀포시,선영횟집,제주특별자치도 서귀포시 칠십리로61-1,서귀동,064-762-4666,일식,2022-02-21
서귀포시,나그네쉼터어시장 수산식당,제주특별자치도 서귀포시 납원읍 태위로 48,남원읍,064-764-1821,일식,2022-02-21
서귀포시,흑염소마루,제주특별자치도 서귀포시 납원읍 태위로663번길 1-1,남원읍,064-764-6678,한식,2022-02-21
서귀포시,서귀포흑돼지명가,제주특별자치도 서귀포시 태평로 122,호근동,064-738-6939,한식,2022-02-21
서귀포시,진주식당,제주특별자치도 서귀포시 태평로 353,서귀동,064-762-5158,한식,2022-02-21
서귀포시,금바우,제주특별자치도 서귀포시 태평로 371번길 4,서귀동,064-733-1517,한식,2022-02-21
서귀포시,수희식당,제주특별자치도 서귀포시 태평로 377,서귀동,064-762-0777,한식,2022-02-21
서귀포시,신관식당,제주특별자치도 서귀포시 태평로 439번길 42,서귀동,064-762-0478,일식,2022-02-21
서귀포시,서귀포토속촌,제주특별자치도 서귀포시 태평로512번길 1-4,동홍동,064-762-8998,한식,2022-02-21
서귀포시,돈마니,제주특별자치도 서귀포시 태평로512번길 1-4,동홍동,064-733-1777,한식,2022-02-21
서귀포시,당케올레국수,제주특별자치도 서귀포시 표선면 민속해안로 584,표선면,064-787-7170,한식,2022-02-21
서귀포시,광어다제주대광어,제주특별자치도 서귀포시 표선면 민속해안로 73,표선면,,일식,2022-02-21
서귀포시,돌집식당,제주특별자치도 서귀포시 표선면 서성일로 23,표선면,064-787-3720,한식,2022-02-21
서귀포시,팔도강산성읍1리 복지타운,제주특별자치도 서귀포시 표선면 서성일로 74,표선면,064-787-1088,한식,2022-02-21
서귀포시,오라방식당,제주특별자치도 서귀포시 표선면 성읍서문로 19,표선면,064-787-7878,한식,2022-02-21
서귀포시,왕일번지본점,제주특별자치도 서귀포시 표선면 중산간동로 4592,표선면,064-787-1239,한식,2022-02-21
서귀포시,국수앤백사장 회센터,제주특별자치도 서귀포시 표선면 표선당포로 19-3,표선면,064-787-5630,일식,2022-02-21
서귀포시,금데기식당,제주특별자치도 서귀포시 표선면 표선당포로 19-5,표선면,064-787-1575,일식,2022-02-21
서귀포시,강해일횟집,제주특별자치도 서귀포시 표선면 표선당포로14,표선면,064-787-7270,일식,2022-02-21
서귀포시,표선일번회센타,제주특별자치도 서귀포시 표선면 표선중앙로 103,표선면,064-787-7277,일식,2022-02-21
서귀포시,대우반점,제주특별자치도 서귀포시 표선면 표선중앙로 66,표선면,064-787-5333,중식,2022-02-21
서귀포시,오븐에빠진닭 서홍점,제주특별자치도 서귀포시 홍중로 76-3,서홍동,064-733-1199,한식,2022-02-21
서귀포시,메밀밭에가시리,제주특별자치도 서귀포시 표선면 가시로 423,표선면,064-901-0480,한식,2022-02-21
서귀포시,중문예지원,제주특별자치도 서귀포시 천제연로 129,중문동,064-738-9577,한식,2022-02-21
서귀포시,전철우고향랭면,제주특별자치도 서귀포시 대정읍 형제해안로 316,대정읍,064-794-4616,한식,2022-02-21
서귀포시,안가뒷고기,제주특별자치도 서귀포시 홍중로27번길 6,서홍동,064-733-2709,한식,2022-02-21
서귀포시,까사로마레스토랑,제주특별자치도 서귀포시 태평로 347,서귀동,064-733-2121,뷔페식,2022-02-21
서귀포시,24시뼈다귀탕중문점,제주특별자치도 서귀포시 중문관광로 335,중문동,064-739-3334,한식,2022-02-21
서귀포시,샤오츠,제주특별자치도 서귀포시 성산읍 동류암로 20,성산읍,,서양식,2022-02-21
서귀포시,제주비스타케이월드컵,제주특별자치도 서귀포시 김정문화로41번길 10-6,법환동,,뷔페식,2022-02-21
서귀포시,행해진미,제주특별자치도 서귀포시 중문관광로 154-17,색달동,064-739-3400,뷔페식,2022-02-21
서귀포시,아윤,제주특별자치도 서귀포시 대정읍 도원중로 60,대정읍,,한식,2022-02-21
서귀포시,신창흑돼지두루치기,제주특별자치도 서귀포시 대정읍 동일하모로 182,대정읍,,한식,2022-02-21
서귀포시,돈어길,제주특별자치도 서귀포시 대정읍 중산간서로 2274,대정읍,070-8800-6564,한식,2022-02-21
서귀포시,반양,제주특별자치도 서귀포시 대정읍 중산간서로 2985,대정읍,070-8883-8545,서양식,2022-02-21
서귀포시,카도돈카츠,제주특별자치도 서귀포시 대정읍 형제해안로 322-1,대정읍,064-794-2016,서양식,2022-02-21
서귀포시,엘리팝법환포구본점,제주특별자치도 서귀포시 막숙포로 64,법환동,,서양식,2022-02-21
서귀포시,제주그때그집중문점,제주특별자치도 서귀포시 상예로 181-28,상예동,,한식,2022-02-21
서귀포시,노인과바다참치,제주특별자치도 서귀포시 서문로41번길26,서귀동,064-733-3782,일식,2022-02-21
서귀포시,돈블랙,제주특별자치도 서귀포시 서호남로 32번길 24,서귀동,,한식,2022-02-21
서귀포시,동해물가든,제주특별자치도 서귀포시 선반로 394,월평동,064-739-0876,한식,2022-02-21
서귀포시,제주로운청해원,제주특별자치도 서귀포시 성산읍 신양로 101,성산읍,,한식,2022-02-21
서귀포시,삼춘네칼국수,제주특별자치도 서귀포시 안덕면 중산간서로 1815,안덕면,064-794-8868,한식,2022-02-21
서귀포시,전원일기동광점,제주특별자치도 서귀포시 안덕면 한창로 602,안덕면,,한식,2022-02-21
서귀포시,범섬화덕,제주특별자치도 서귀포시 월드컵로 161-1,강정동,064-738-6540,한식,2022-02-21
서귀포시,동도원,제주특별자치도 서귀포시 이어도로 189,대포동,064-738-2201,한식,2022-02-21
서귀포시,가든이다,제주특별자치도 서귀포시 중문상로 86,중문동,064-902-9819,한식,2022-02-21
서귀포시,서민갈비,제주특별자치도 서귀포시 중산간동로 8035,서홍동,064-733-2555,한식,2022-02-21
서귀포시,루마카,제주특별자치도 서귀포시 칠십리로 306,서홍동,064-767-3071,서양식,2022-02-21
서귀포시,청옥정,제주특별자치도 서귀포시 일주서로 1148,상예동,064-739-8752,한식,2022-02-21
서귀포시,애나의숲브런치카페,제주특별자치도 서귀포시 중동로48번길 8,서귀동,070-4115-9122,서양식,2022-02-21
서귀포시,대우정식당,제주특별자치도 서귀포시 이어도로 866-37,법환동,064-733-0137,한식,2022-02-21
서귀포시,카우보이스테이크하우스,제주특별자치도 서귀포시 영어도시로 77-5,대정읍,064-792-1163,서양식,2022-02-21
서귀포시,일공공편백샤브서귀포점,제주특별자치도 서귀포시 동홍남로 55,동홍동,064-767-6006,한식,2022-02-21
서귀포시,델리지아,제주특별자치도 서귀포시 중문관광로 224,중문동,064-738-6400,뷔페식,2022-02-21
서귀포시,대화해장국본점,제주특별자치도 서귀포시 태평로 518,동홍동,064-732-1001,한식,2022-02-21
